"Binancian, Municipality of Asuncion"
"Buan, Municipality of Asuncion"
"Buclad, Municipality of Asuncion"
"Cabaywa, Municipality of Asuncion"
"Camansa, Municipality of Asuncion"
"Cambanogoy (Poblacion), Municipality of Asuncion"
"Camoning, Municipality of Asuncion"
"Canatan, Municipality of Asuncion"
"Concepcion, Municipality of Asuncion"
"Doña Andrea, Municipality of Asuncion"
"Magatos, Municipality of Asuncion"
"Napungas, Municipality of Asuncion"
"New Bantayan, Municipality of Asuncion"
"New Loon, Municipality of Asuncion"
"New Santiago, Municipality of Asuncion"
"Pamacaun, Municipality of Asuncion"
"Sagayen, Municipality of Asuncion"
"San Vicente, Municipality of Asuncion"
"Santa Filomena, Municipality of Asuncion"
"Sonlon, Municipality of Asuncion"
"Cabay‑angan, Municipality of Braulio E. Dujali"
"Dujali, Municipality of Braulio E. Dujali"
"Magupising, Municipality of Braulio E. Dujali"
"New Casay, Municipality of Braulio E. Dujali"
"Tanglaw, Municipality of Braulio E. Dujali"
"Alejal, Municipality of Carmen"
"Anibongan, Municipality of Carmen"
"Asuncion (Cuatro-Cuatro), Municipality of Carmen"
"Cebulano, Municipality of Carmen"
"Guadalupe, Municipality of Carmen"
"Ising (Poblacion), Municipality of Carmen"
"La Paz, Municipality of Carmen"
"Mabaus, Municipality of Carmen"
"Mabuhay, Municipality of Carmen"
"Magsaysay, Municipality of Carmen"
"Mangalcal, Municipality of Carmen"
"Minda, Municipality of Carmen"
"New Camiling, Municipality of Carmen"
"Salvacion, Municipality of Carmen"
"San Isidro, Municipality of Carmen"
"Santo Niño, Municipality of Carmen"
"Taba, Municipality of Carmen"
"Tibulao, Municipality of Carmen"
"Tubod, Municipality of Carmen"
"Tuganay, Municipality of Carmen"
"Capungagan, Municipality of Kapalong"
"Florida, Municipality of Kapalong"
"Gabuyan, Municipality of Kapalong"
"Gupitan, Municipality of Kapalong"
"Katipunan, Municipality of Kapalong"
"Luna, Municipality of Kapalong"
"Mabantao, Municipality of Kapalong"
"Mamacao, Municipality of Kapalong"
"Maniki (Poblacion), Municipality of Kapalong"
"Pag‑asa, Municipality of Kapalong"
"Sampao (Bienvenida), Municipality of Kapalong"
"Semong (Sampao), Municipality of Kapalong"
"Sua‑on, Municipality of Kapalong"
"Tiburcia, Municipality of Kapalong"
"Cabidianan, Municipality of New Corella"
"Carcor, Municipality of New Corella"
"Del Monte, Municipality of New Corella"
"Del Pilar, Municipality of New Corella"
"El Salvador, Municipality of New Corella"
"Limba‑an, Municipality of New Corella"
"Macgum, Municipality of New Corella"
"Mambing, Municipality of New Corella"
"Mesaoy, Municipality of New Corella"
"New Bohol, Municipality of New Corella"
"New Cortez, Municipality of New Corella"
"New Sambog, Municipality of New Corella"
"Patrocenio, Municipality of New Corella"
"Poblacion, Municipality of New Corella"
"San Jose, Municipality of New Corella"
"San Roque, Municipality of New Corella"
"Santa Cruz, Municipality of New Corella"
"Santa Fe, Municipality of New Corella"
"Santo Niño, Municipality of New Corella"
"Suawon, Municipality of New Corella"
"A. O. Floirendo, City of Panabo"
"Buenavista, City of Panabo"
"Cacao, City of Panabo"
"Cagangohan, City of Panabo"
"Consolacion, City of Panabo"
"Dapco, City of Panabo"
"Datu Abdul Dadia, City of Panabo"
"Gredu (Poblacion), City of Panabo"
"J. P. Laurel, City of Panabo"
"Kasilak, City of Panabo"
"Katipunan, City of Panabo"
"Katualan, City of Panabo"
"Kauswagan, City of Panabo"
"Kiotoy, City of Panabo"
"Little Panay, City of Panabo"
"Lower Panaga (Roxas), City of Panabo"
"Mabunao, City of Panabo"
"Maduao, City of Panabo"
"Malativas, City of Panabo"
"Manay, City of Panabo"
"Nanyo, City of Panabo"
"New Malaga (Dalisay), City of Panabo"
"New Malitbog, City of Panabo"
"New Pandan (Poblacion), City of Panabo"
"New Visayas, City of Panabo"
"Quezon, City of Panabo"
"Salvacion, City of Panabo"
"San Francisco (Poblacion), City of Panabo"
"San Nicolas, City of Panabo"
"San Pedro, City of Panabo"
"San Roque, City of Panabo"
"San Vicente, City of Panabo"
"Santa Cruz, City of Panabo"
"Santo Niño (Poblacion), City of Panabo"
"Sindaton, City of Panabo"
"Southern Davao, City of Panabo"
"Tagpore, City of Panabo"
"Tibungol, City of Panabo"
"Upper Licanan, City of Panabo"
"Waterfall, City of Panabo"
"Adecor, City of Samal"
"Anonang, City of Samal"
"Aumbay, City of Samal"
"Aundanao, City of Samal"
"Balet, City of Samal"
"Bandera, City of Samal"
"Caliclic (Dangca-an), City of Samal"
"Camudmud, City of Samal"
"Catagman, City of Samal"
"Cawag, City of Samal"
"Cogon, City of Samal"
"Cogon (Talicod), City of Samal"
"Dadatan, City of Samal"
"Del Monte, City of Samal"
"Guilon, City of Samal"
"Kanaan, City of Samal"
"Kinawitnon, City of Samal"
"Libertad, City of Samal"
"Libuak, City of Samal"
"Licup, City of Samal"
"Limao, City of Samal"
"Linosutan, City of Samal"
"Mambago‑A, City of Samal"
"Mambago‑B, City of Samal"
"Miranda (Poblacion), City of Samal"
"Moncado (Poblacion), City of Samal"
"Pangubatan (Talicod I), City of Samal"
"Peñaplata (Poblacion), City of Samal"
"Poblacion (Kaputian), City of Samal"
"San Agustin, City of Samal"
"San Antonio, City of Samal"
"San Isidro (Babak), City of Samal"
"San Isidro (Kaputian), City of Samal"
"San Jose (San Lapuz), City of Samal"
"San Miguel (Magamono), City of Samal"
"San Remigio, City of Samal"
"Santa Cruz (Talicod II), City of Samal"
"Santo Niño, City of Samal"
"Sion (Zion), City of Samal"
"Tagbaobo, City of Samal"
"Tagbay, City of Samal"
"Tagbitan‑ag, City of Samal"
"Tagdaliao, City of Samal"
"Tagpopongan, City of Samal"
"Tambo, City of Samal"
"Toril, City of Samal"
"Dacudao, Municipality of San Isidro"
"Datu Balong, Municipality of San Isidro"
"Igangon, Municipality of San Isidro"
"Kipalili, Municipality of San Isidro"
"Libuton, Municipality of San Isidro"
"Linao, Municipality of San Isidro"
"Mamangan, Municipality of San Isidro"
"Monte Dujali, Municipality of San Isidro"
"Pinamuno, Municipality of San Isidro"
"Sabangan, Municipality of San Isidro"
"San Miguel, Municipality of San Isidro"
"Santo Niño, Municipality of San Isidro"
"Sawata, Municipality of San Isidro"
"Balagunan, Municipality of Santo Tomas"
"Bobongon, Municipality of Santo Tomas"
"Casig‑Ang, Municipality of Santo Tomas"
"Esperanza, Municipality of Santo Tomas"
"Kimamon, Municipality of Santo Tomas"
"Kinamayan, Municipality of Santo Tomas"
"La Libertad, Municipality of Santo Tomas"
"Lungaog, Municipality of Santo Tomas"
"Magwawa, Municipality of Santo Tomas"
"New Katipunan, Municipality of Santo Tomas"
"New Visayas, Municipality of Santo Tomas"
"Pantaron, Municipality of Santo Tomas"
"Salvacion, Municipality of Santo Tomas"
"San Jose, Municipality of Santo Tomas"
"San Miguel, Municipality of Santo Tomas"
"San Vicente, Municipality of Santo Tomas"
"Talomo, Municipality of Santo Tomas"
"Tibal‑og (Poblacion), Municipality of Santo Tomas"
"Tulalian, Municipality of Santo Tomas"
"Apokon, City of Tagum"
"Bincungan, City of Tagum"
"Busaon, City of Tagum"
"Canocotan, City of Tagum"
"Cuambogan, City of Tagum"
"La Filipina, City of Tagum"
"Liboganon, City of Tagum"
"Madaum, City of Tagum"
"Magdum, City of Tagum"
"Magugpo East, City of Tagum"
"Magugpo North, City of Tagum"
"Magugpo Poblacion, City of Tagum"
"Magugpo South, City of Tagum"
"Magugpo West, City of Tagum"
"Mankilam, City of Tagum"
"New Balamban, City of Tagum"
"Nueva Fuerza, City of Tagum"
"Pagsabangan, City of Tagum"
"Pandapan, City of Tagum"
"San Agustin, City of Tagum"
"San Isidro, City of Tagum"
"San Miguel (Camp 4), City of Tagum"
"Visayan Village, City of Tagum"
"Dagohoy, Municipality of Talaingod"
"Palma Gil, Municipality of Talaingod"
"Santo Niño, Municipality of Talaingod"